<Nfse versao="2.02">
   <InfNfse>
      <Numero>13278153</Numero>
      <CodigoVerificacao>79RZYZC5</CodigoVerificacao>
      <DataEmissao>2021-03-03T14:21:18</DataEmissao>
      <ValoresNfse>
         <BaseCalculo>3171.81</BaseCalculo>
         <Aliquota>0.05</Aliquota>
         <ValorIss>158.59</ValorIss>
         <ValorLiquidoNfse>3171.81</ValorLiquidoNfse>
      </ValoresNfse>
      <ValorCredito>0</ValorCredito>
      <PrestadorServico>
         <IdentificacaoPrestador>
            <CpfCnpj>
               <Cnpj>06990590000123</Cnpj>
            </CpfCnpj>
         </IdentificacaoPrestador>
         <RazaoSocial>GOOGLE BRASIL INTERNET LTDA</RazaoSocial>
         <NomeFantasia>GOOGLE BRASIL INTERNET LTDA</NomeFantasia>
         <Endereco>
            <Endereco>AV BRIGADEIRO FARIA LIMA</Endereco>
            <Numero>03477</Numero>
            <Complemento>17 A 20 TS 2,18A20 T.N</Complemento>
            <Bairro>ITAIM BIBI</Bairro>
            <CodigoMunicipio>3550308</CodigoMunicipio>
            <Uf>SP</Uf>
            <Cep>4538133</Cep>
         </Endereco>
         <Contato>
            <Email>fiscal@proparts.esp.br</Email>
         </Contato>
      </PrestadorServico>
      <OrgaoGerador>
         <CodigoMunicipio>3550308</CodigoMunicipio>
         <Uf>SP</Uf>
      </OrgaoGerador>
      <DeclaracaoPrestacaoServico>
         <InfDeclaracaoPrestacaoServico>
            <Rps>
               <IdentificacaoRps>
                  <Numero>22203232</Numero>
                  <Serie>A</Serie>
                  <Tipo>RPS</Tipo>
               </IdentificacaoRps>
               <DataEmissao>2021-02-28</DataEmissao>
            </Rps>
            <Servico>
               <Valores>
                  <ValorServicos>3171.81</ValorServicos>
                  <ValorIss>158.59</ValorIss>
                  <Aliquota>0.05</Aliquota>
               </Valores>
               <IssRetido>false</IssRetido>
               <Discriminacao>Revenda de espaço publicitário.

Id do cliente: 1886607167 PAGAMENTO JÁ RECEBIDO</Discriminacao>
               <CodigoMunicipio>3550308</CodigoMunicipio>
               <MunicipioIncidencia>3550308</MunicipioIncidencia>
            </Servico>
            <Prestador>
               <CpfCnpj>
                  <Cnpj>06990590000123</Cnpj>
               </CpfCnpj>
               <InscricaoMunicipal>33555800</InscricaoMunicipal>
            </Prestador>
            <Tomador>
               <IdentificacaoTomador>
                  <CpfCnpj>
                     <Cnpj>68365501000105</Cnpj>
                  </CpfCnpj>
                  <InscricaoMunicipal>20951230</InscricaoMunicipal>
               </IdentificacaoTomador>
               <RazaoSocial>PROPARTS COMERCIO DE ARTIGOS ESPORTIVOS E TECNOLOGIA EIRELI</RazaoSocial>
               <Endereco>
                  <Endereco>R ENG     MESQUITA SAMPAIO</Endereco>
                  <Numero>00329</Numero>
                  <Bairro>CHACARA SANTO ANTONIO</Bairro>
                  <CodigoMunicipio>3550308</CodigoMunicipio>
                  <Uf>SP</Uf>
                  <Cep>4711000</Cep>
               </Endereco>
               <Contato>
                  <Email>fiscal@proparts.esp.br</Email>
               </Contato>
            </Tomador>
            <OptanteSimplesNacional>0</OptanteSimplesNacional>
         </InfDeclaracaoPrestacaoServico>
      </DeclaracaoPrestacaoServico>
   </InfNfse>
</Nfse>
