<Nfse versao="2.02">
   <InfNfse>
      <Numero>2942366</Numero>
      <CodigoVerificacao>FTRZV8ES</CodigoVerificacao>
      <DataEmissao>2021-03-01T18:25:38</DataEmissao>
      <ValoresNfse>
         <BaseCalculo>23.66</BaseCalculo>
         <Aliquota>0.05</Aliquota>
         <ValorIss>1.18</ValorIss>
         <ValorLiquidoNfse>23.66</ValorLiquidoNfse>
      </ValoresNfse>
      <ValorCredito>0</ValorCredito>
      <PrestadorServico>
         <IdentificacaoPrestador>
            <CpfCnpj>
               <Cnpj>18277493000177</Cnpj>
            </CpfCnpj>
         </IdentificacaoPrestador>
         <RazaoSocial>LOGGI TECNOLOGIA LTDA.</RazaoSocial>
         <NomeFantasia>LOGGI TECNOLOGIA LTDA.</NomeFantasia>
         <Endereco>
            <Endereco>AL SANTOS</Endereco>
            <Numero>02400</Numero>
            <Bairro>CERQUEIRA C¿SAR</Bairro>
            <CodigoMunicipio>3550308</CodigoMunicipio>
            <Uf>SP</Uf>
            <Cep>1418200</Cep>
         </Endereco>
         <Contato>
            <Email>fiscal@proparts.esp.br</Email>
         </Contato>
      </PrestadorServico>
      <OrgaoGerador>
         <CodigoMunicipio>3550308</CodigoMunicipio>
         <Uf>SP</Uf>
      </OrgaoGerador>
      <DeclaracaoPrestacaoServico>
         <InfDeclaracaoPrestacaoServico>
            <Rps>
               <IdentificacaoRps>
                  <Numero>5019059</Numero>
                  <Serie>LPC0</Serie>
                  <Tipo>RPS</Tipo>
               </IdentificacaoRps>
               <DataEmissao>2021-02-28</DataEmissao>
            </Rps>
            <Servico>
               <Valores>
                  <ValorServicos>23.66</ValorServicos>
                  <ValorIss>1.18</ValorIss>
                  <Aliquota>0.05</Aliquota>
               </Valores>
               <IssRetido>false</IssRetido>
               <Discriminacao>Essa Nota Fiscal consolida todas as contratacoes de servicos de entrega agendadas atraves da 
Plataforma Loggi, conforme resumo de cobranca e extrato disponiveis na plataforma referentes 
ao periodo de Fevereiro de 2021 - Nota Fiscal emitida conforme permissivo constante na 
Autorizacao de Regime Especial  SEI 6017.2019/0067489-0.
( + ) Agenciamento de frete: R$ 23,66
( + ) Valor do frete: R$ 72,81
( - ) Subsidio Loggi: R$ 0,00
( = ) Valor total dos servicos: R$ 96,47
NB: Valor do frete repassado aos prestadores de servico de frete em razao do servico de 
cobranca prestado a eles pela Loggi.
NB: O Servico de frete nao sofrera retencoes em razao dos prestadores de servicos serem 
integrantes do regime tributario previsto na LC n. 123/2006 - Simples Nacional -, 
conforme demonstrado no extrato e no historico de pedidos da plataforma, que discriminam 
cada prestador de servico.</Discriminacao>
               <CodigoMunicipio>3550308</CodigoMunicipio>
               <MunicipioIncidencia>3550308</MunicipioIncidencia>
            </Servico>
            <Prestador>
               <CpfCnpj>
                  <Cnpj>18277493000177</Cnpj>
               </CpfCnpj>
               <InscricaoMunicipal>59871091</InscricaoMunicipal>
            </Prestador>
            <Tomador>
               <IdentificacaoTomador>
                  <CpfCnpj>
                     <Cnpj>68365501000105</Cnpj>
                  </CpfCnpj>
                  <InscricaoMunicipal>20951230</InscricaoMunicipal>
               </IdentificacaoTomador>
               <RazaoSocial>PROPARTS COMERCIO DE ARTIGOS ESPORTIVOS E TECNOLOGIA EIRELI</RazaoSocial>
               <Endereco>
                  <Endereco>R ENG     MESQUITA SAMPAIO</Endereco>
                  <Numero>00329</Numero>
                  <Bairro>CHACARA SANTO ANTONIO</Bairro>
                  <CodigoMunicipio>3550308</CodigoMunicipio>
                  <Uf>SP</Uf>
                  <Cep>4711000</Cep>
               </Endereco>
               <Contato>
                  <Email>fiscal@proparts.esp.br</Email>
               </Contato>
            </Tomador>
            <OptanteSimplesNacional>0</OptanteSimplesNacional>
         </InfDeclaracaoPrestacaoServico>
      </DeclaracaoPrestacaoServico>
   </InfNfse>
</Nfse>
