<Nfse versao="2.02">
   <InfNfse>
      <Numero>362</Numero>
      <CodigoVerificacao>C3AENCNH</CodigoVerificacao>
      <DataEmissao>2021-03-05T13:22:43</DataEmissao>
      <ValoresNfse>
         <BaseCalculo>400</BaseCalculo>
         <Aliquota>0</Aliquota>
         <ValorIss>0</ValorIss>
         <ValorLiquidoNfse>400</ValorLiquidoNfse>
      </ValoresNfse>
      <ValorCredito>0</ValorCredito>
      <PrestadorServico>
         <IdentificacaoPrestador>
            <CpfCnpj>
               <Cnpj>22346823000106</Cnpj>
            </CpfCnpj>
         </IdentificacaoPrestador>
         <RazaoSocial>PATRICIA PEREIRA VIDRAÇARIA - ME</RazaoSocial>
         <NomeFantasia>PATRICIA PEREIRA VIDRAÇARIA - ME</NomeFantasia>
         <Endereco>
            <Endereco>R AMERICO BRASILIENSE</Endereco>
            <Numero>01740</Numero>
            <Complemento>TERREO</Complemento>
            <Bairro>CHACARA SANTO ANTONIO</Bairro>
            <CodigoMunicipio>3550308</CodigoMunicipio>
            <Uf>SP</Uf>
            <Cep>4715003</Cep>
         </Endereco>
         <Contato>
            <Email>fiscal@proparts.esp.br</Email>
         </Contato>
      </PrestadorServico>
      <OrgaoGerador>
         <CodigoMunicipio>3550308</CodigoMunicipio>
         <Uf>SP</Uf>
      </OrgaoGerador>
      <DeclaracaoPrestacaoServico>
         <InfDeclaracaoPrestacaoServico>
            <Servico>
               <Valores>
                  <ValorServicos>400</ValorServicos>
                  <ValorIss>0</ValorIss>
                  <Aliquota>0</Aliquota>
               </Valores>
               <IssRetido>false</IssRetido>
               <Discriminacao>Nota Fiscal referente a remoçao e reinstalação de vidro de guarda corpo 

Dados para pagamento 
Agencia 4205 Conta Corrente 13006203 2</Discriminacao>
               <CodigoMunicipio>3550308</CodigoMunicipio>
               <MunicipioIncidencia>3550308</MunicipioIncidencia>
            </Servico>
            <Prestador>
               <CpfCnpj>
                  <Cnpj>22346823000106</Cnpj>
               </CpfCnpj>
               <InscricaoMunicipal>52341208</InscricaoMunicipal>
            </Prestador>
            <Tomador>
               <IdentificacaoTomador>
                  <CpfCnpj>
                     <Cnpj>68365501000105</Cnpj>
                  </CpfCnpj>
                  <InscricaoMunicipal>20951230</InscricaoMunicipal>
               </IdentificacaoTomador>
               <RazaoSocial>PROPARTS COMERCIO DE ARTIGOS ESPORTIVOS E TECNOLOGIA EIRELI</RazaoSocial>
               <Endereco>
                  <Endereco>R ENG     MESQUITA SAMPAIO</Endereco>
                  <Numero>00329</Numero>
                  <Bairro>CHACARA SANTO ANTONIO</Bairro>
                  <CodigoMunicipio>3550308</CodigoMunicipio>
                  <Uf>SP</Uf>
                  <Cep>4711000</Cep>
               </Endereco>
               <Contato>
                  <Email>fiscal@proparts.esp.br</Email>
               </Contato>
            </Tomador>
            <OptanteSimplesNacional>4</OptanteSimplesNacional>
         </InfDeclaracaoPrestacaoServico>
      </DeclaracaoPrestacaoServico>
   </InfNfse>
</Nfse>
