<Nfse versao="2.02">
   <InfNfse>
      <Numero>3434</Numero>
      <CodigoVerificacao>4RVCBDJL</CodigoVerificacao>
      <DataEmissao>2021-03-03T15:58:47</DataEmissao>
      <ValoresNfse>
         <BaseCalculo>396</BaseCalculo>
         <Aliquota>0</Aliquota>
         <ValorIss>0</ValorIss>
         <ValorLiquidoNfse>396</ValorLiquidoNfse>
      </ValoresNfse>
      <ValorCredito>0</ValorCredito>
      <PrestadorServico>
         <IdentificacaoPrestador>
            <CpfCnpj>
               <Cnpj>21338022000136</Cnpj>
            </CpfCnpj>
         </IdentificacaoPrestador>
         <RazaoSocial>ANDRE LOPES</RazaoSocial>
         <NomeFantasia>ANDRE LOPES</NomeFantasia>
         <Endereco>
            <Endereco>R AMERICO BRASILIENSE</Endereco>
            <Numero>2087</Numero>
            <Bairro>CHACARA SANTO ANTONIO </Bairro>
            <CodigoMunicipio>3550308</CodigoMunicipio>
            <Uf>SP</Uf>
            <Cep>4715004</Cep>
         </Endereco>
         <Contato>
            <Email>fiscal@proparts.esp.br</Email>
         </Contato>
      </PrestadorServico>
      <OrgaoGerador>
         <CodigoMunicipio>3550308</CodigoMunicipio>
         <Uf>SP</Uf>
      </OrgaoGerador>
      <DeclaracaoPrestacaoServico>
         <InfDeclaracaoPrestacaoServico>
            <Rps>
               <IdentificacaoRps>
                  <Numero>926</Numero>
                  <Serie>M</Serie>
                  <Tipo>RPS</Tipo>
               </IdentificacaoRps>
               <DataEmissao>2021-03-03</DataEmissao>
            </Rps>
            <Servico>
               <Valores>
                  <ValorServicos>396</ValorServicos>
                  <ValorIss>0</ValorIss>
                  <Aliquota>0</Aliquota>
               </Valores>
               <IssRetido>false</IssRetido>
               <Discriminacao>6  Apostila Espiral  com 108 paginas de Miolo nas medidas 21 x 29,7 cm  Vlr.Unt 66,0000  Vlr.Brt 396,00  Vlr.Liq 396,00

EM ATENDIMENTO A LEI 12.741/2012, A ALIQUOTA APROXIMADA DOS TRIBUTOS E DE 10,50%

Vencimentos:
M.3439-1/1  18/03/2021  R$ 396,00

Valor Aprox. Tributos:
Fed. R$ 0,00 / Est. R$ 0,00 / Mun. R$ 0,00 (Fonte: IBPT)

DADOS BANCARIOS: 
ITAU AG 2000 C/C 72008-2
BRADESCO AG 0107 C/C 21181-8</Discriminacao>
               <CodigoMunicipio>3550308</CodigoMunicipio>
               <MunicipioIncidencia>3550308</MunicipioIncidencia>
            </Servico>
            <Prestador>
               <CpfCnpj>
                  <Cnpj>21338022000136</Cnpj>
               </CpfCnpj>
               <InscricaoMunicipal>51266946</InscricaoMunicipal>
            </Prestador>
            <Tomador>
               <IdentificacaoTomador>
                  <CpfCnpj>
                     <Cnpj>68365501000105</Cnpj>
                  </CpfCnpj>
                  <InscricaoMunicipal>20951230</InscricaoMunicipal>
               </IdentificacaoTomador>
               <RazaoSocial>PROPARTS COMERCIO DE ARTIGOS ESPORTIVOS E TECNOLOGIA EIRELI</RazaoSocial>
               <Endereco>
                  <Endereco>R ENG     MESQUITA SAMPAIO</Endereco>
                  <Numero>00329</Numero>
                  <Bairro>CHACARA SANTO ANTONIO</Bairro>
                  <CodigoMunicipio>3550308</CodigoMunicipio>
                  <Uf>SP</Uf>
                  <Cep>4711000</Cep>
               </Endereco>
               <Contato>
                  <Email>fiscal@proparts.esp.br</Email>
               </Contato>
            </Tomador>
            <OptanteSimplesNacional>4</OptanteSimplesNacional>
         </InfDeclaracaoPrestacaoServico>
      </DeclaracaoPrestacaoServico>
   </InfNfse>
</Nfse>
