<Nfse versao="2.02">
   <InfNfse>
      <Numero>231</Numero>
      <CodigoVerificacao>JRILZLC9</CodigoVerificacao>
      <DataEmissao>2021-03-02T15:29:00</DataEmissao>
      <ValoresNfse>
         <BaseCalculo>8085.14</BaseCalculo>
         <Aliquota>0</Aliquota>
         <ValorIss>0</ValorIss>
         <ValorLiquidoNfse>8085.14</ValorLiquidoNfse>
      </ValoresNfse>
      <ValorCredito>0</ValorCredito>
      <PrestadorServico>
         <IdentificacaoPrestador>
            <CpfCnpj>
               <Cnpj>15756552000100</Cnpj>
            </CpfCnpj>
         </IdentificacaoPrestador>
         <RazaoSocial>LSS REPRESENTACOES COMERCIAIS LTDA</RazaoSocial>
         <NomeFantasia>LSS REPRESENTACOES COMERCIAIS LTDA</NomeFantasia>
         <Endereco>
            <Endereco>R ARISTIDES JOFRE</Endereco>
            <Numero>00140</Numero>
            <Bairro>CASA VERDE</Bairro>
            <CodigoMunicipio>3550308</CodigoMunicipio>
            <Uf>SP</Uf>
            <Cep>2565040</Cep>
         </Endereco>
         <Contato>
            <Email>fiscal@proparts.esp.br</Email>
         </Contato>
      </PrestadorServico>
      <OrgaoGerador>
         <CodigoMunicipio>3550308</CodigoMunicipio>
         <Uf>SP</Uf>
      </OrgaoGerador>
      <DeclaracaoPrestacaoServico>
         <InfDeclaracaoPrestacaoServico>
            <Servico>
               <Valores>
                  <ValorServicos>8085.14</ValorServicos>
                  <ValorIss>0</ValorIss>
                  <Aliquota>0</Aliquota>
               </Valores>
               <IssRetido>false</IssRetido>
               <Discriminacao>Representação comercial</Discriminacao>
               <CodigoMunicipio>3550308</CodigoMunicipio>
               <MunicipioIncidencia>3550308</MunicipioIncidencia>
            </Servico>
            <Prestador>
               <CpfCnpj>
                  <Cnpj>15756552000100</Cnpj>
               </CpfCnpj>
               <InscricaoMunicipal>45505160</InscricaoMunicipal>
            </Prestador>
            <Tomador>
               <IdentificacaoTomador>
                  <CpfCnpj>
                     <Cnpj>68365501000105</Cnpj>
                  </CpfCnpj>
                  <InscricaoMunicipal>20951230</InscricaoMunicipal>
               </IdentificacaoTomador>
               <RazaoSocial>PROPARTS COMERCIO DE ARTIGOS ESPORTIVOS E TECNOLOGIA EIRELI</RazaoSocial>
               <Endereco>
                  <Endereco>R ENG     MESQUITA SAMPAIO</Endereco>
                  <Numero>00329</Numero>
                  <Bairro>CHACARA SANTO ANTONIO</Bairro>
                  <CodigoMunicipio>3550308</CodigoMunicipio>
                  <Uf>SP</Uf>
                  <Cep>4711000</Cep>
               </Endereco>
               <Contato>
                  <Email>fiscal@proparts.esp.br</Email>
               </Contato>
            </Tomador>
            <OptanteSimplesNacional>4</OptanteSimplesNacional>
         </InfDeclaracaoPrestacaoServico>
      </DeclaracaoPrestacaoServico>
   </InfNfse>
</Nfse>
