<Nfse versao="2.02">
   <InfNfse>
      <Numero>61111</Numero>
      <CodigoVerificacao>FC8ALLPG</CodigoVerificacao>
      <DataEmissao>2021-03-04T12:11:04</DataEmissao>
      <ValoresNfse>
         <BaseCalculo>2099</BaseCalculo>
         <Aliquota>0.029</Aliquota>
         <ValorIss>60.87</ValorIss>
         <ValorLiquidoNfse>2099</ValorLiquidoNfse>
      </ValoresNfse>
      <ValorCredito>0</ValorCredito>
      <PrestadorServico>
         <IdentificacaoPrestador>
            <CpfCnpj>
               <Cnpj>72697600000161</Cnpj>
            </CpfCnpj>
         </IdentificacaoPrestador>
         <RazaoSocial>CONCIL INTELIGÊNCIA EM CONCILIAÇÃO S.A.</RazaoSocial>
         <NomeFantasia>CONCIL INTELIGÊNCIA EM CONCILIAÇÃO S.A.</NomeFantasia>
         <Endereco>
            <Endereco>AV PAULISTA</Endereco>
            <Numero>01159</Numero>
            <Complemento>CONJ 1012</Complemento>
            <Bairro>BELA VISTA</Bairro>
            <CodigoMunicipio>3550308</CodigoMunicipio>
            <Uf>SP</Uf>
            <Cep>1311200</Cep>
         </Endereco>
         <Contato>
            <Email>fiscal@proparts.esp.br</Email>
         </Contato>
      </PrestadorServico>
      <OrgaoGerador>
         <CodigoMunicipio>3550308</CodigoMunicipio>
         <Uf>SP</Uf>
      </OrgaoGerador>
      <DeclaracaoPrestacaoServico>
         <InfDeclaracaoPrestacaoServico>
            <Rps>
               <IdentificacaoRps>
                  <Numero>56521</Numero>
                  <Serie>NFSE</Serie>
                  <Tipo>RPS</Tipo>
               </IdentificacaoRps>
               <DataEmissao>2021-03-04</DataEmissao>
            </Rps>
            <Servico>
               <Valores>
                  <ValorServicos>2099</ValorServicos>
                  <ValorPis>13.64</ValorPis>
                  <ValorCofins>62.97</ValorCofins>
                  <ValorIr>31.49</ValorIr>
                  <ValorCsll>20.99</ValorCsll>
                  <ValorIss>60.87</ValorIss>
                  <Aliquota>0.029</Aliquota>
               </Valores>
               <IssRetido>false</IssRetido>
               <Discriminacao>Fatura referente ao Setup do Pacote Controle referente a implantacao da ferramenta Concil Card.
 - Qtde 1 x Valor Unit. R$ 600,00 = Total R$ 600,00.
Fatura referente a ao servico retroativo contratado referente a ferramenta Concil Card.
 - Qtde 1 x Valor Unit. R$ 1.499,00 = Total R$ 1.499,00.

Valor Liquido R$ 1.969,91</Discriminacao>
               <CodigoMunicipio>3550308</CodigoMunicipio>
               <MunicipioIncidencia>3550308</MunicipioIncidencia>
            </Servico>
            <Prestador>
               <CpfCnpj>
                  <Cnpj>72697600000161</Cnpj>
               </CpfCnpj>
               <InscricaoMunicipal>38806894</InscricaoMunicipal>
            </Prestador>
            <Tomador>
               <IdentificacaoTomador>
                  <CpfCnpj>
                     <Cnpj>68365501000105</Cnpj>
                  </CpfCnpj>
                  <InscricaoMunicipal>20951230</InscricaoMunicipal>
               </IdentificacaoTomador>
               <RazaoSocial>PROPARTS COMERCIO DE ARTIGOS ESPORTIVOS E TECNOLOGIA EIRELI</RazaoSocial>
               <Endereco>
                  <Endereco>R ENG     MESQUITA SAMPAIO</Endereco>
                  <Numero>00329</Numero>
                  <Bairro>CHACARA SANTO ANTONIO</Bairro>
                  <CodigoMunicipio>3550308</CodigoMunicipio>
                  <Uf>SP</Uf>
                  <Cep>4711000</Cep>
               </Endereco>
               <Contato>
                  <Email>fiscal@proparts.esp.br</Email>
               </Contato>
            </Tomador>
            <OptanteSimplesNacional>0</OptanteSimplesNacional>
         </InfDeclaracaoPrestacaoServico>
      </DeclaracaoPrestacaoServico>
   </InfNfse>
</Nfse>
