<Nfse versao="2.02">
   <InfNfse>
      <Numero>4250445</Numero>
      <CodigoVerificacao>ZBPWXUUF</CodigoVerificacao>
      <DataEmissao>2021-03-01T08:41:00</DataEmissao>
      <ValoresNfse>
         <BaseCalculo>63.76</BaseCalculo>
         <Aliquota>0.029</Aliquota>
         <ValorIss>1.84</ValorIss>
         <ValorLiquidoNfse>63.76</ValorLiquidoNfse>
      </ValoresNfse>
      <ValorCredito>0</ValorCredito>
      <PrestadorServico>
         <IdentificacaoPrestador>
            <CpfCnpj>
               <Cnpj>02351877000152</Cnpj>
            </CpfCnpj>
         </IdentificacaoPrestador>
         <RazaoSocial>LOCAWEB SERVICOS DE INTERNET S.A.</RazaoSocial>
         <NomeFantasia>LOCAWEB SERVICOS DE INTERNET S.A.</NomeFantasia>
         <Endereco>
            <Endereco>R ITAPAIUNA</Endereco>
            <Numero>02434</Numero>
            <Bairro>MORUMBI</Bairro>
            <CodigoMunicipio>3550308</CodigoMunicipio>
            <Uf>SP</Uf>
            <Cep>5707001</Cep>
         </Endereco>
         <Contato>
            <Email>nfe@proparts.esp.br</Email>
         </Contato>
      </PrestadorServico>
      <OrgaoGerador>
         <CodigoMunicipio>3550308</CodigoMunicipio>
         <Uf>SP</Uf>
      </OrgaoGerador>
      <DeclaracaoPrestacaoServico>
         <InfDeclaracaoPrestacaoServico>
            <Rps>
               <IdentificacaoRps>
                  <Numero>25354828</Numero>
                  <Serie>00001</Serie>
                  <Tipo>RPS</Tipo>
               </IdentificacaoRps>
               <DataEmissao>2021-02-28</DataEmissao>
            </Rps>
            <Servico>
               <Valores>
                  <ValorServicos>63.76</ValorServicos>
                  <ValorIss>1.84</ValorIss>
                  <Aliquota>0.029</Aliquota>
               </Valores>
               <IssRetido>false</IssRetido>
               <Discriminacao>Prestação de serviço conforme contrato nº 0041254713 de 15.04.2021 a 14.06.2021

Valor aproximado dos tributos (ISS, PIS e COFINS), conforme Lei 12.741 de 08/12/2012: R$1,85 (12,15%)</Discriminacao>
               <CodigoMunicipio>3550308</CodigoMunicipio>
               <MunicipioIncidencia>3550308</MunicipioIncidencia>
            </Servico>
            <Prestador>
               <CpfCnpj>
                  <Cnpj>02351877000152</Cnpj>
               </CpfCnpj>
               <InscricaoMunicipal>26645491</InscricaoMunicipal>
            </Prestador>
            <Tomador>
               <IdentificacaoTomador>
                  <CpfCnpj>
                     <Cnpj>68365501000105</Cnpj>
                  </CpfCnpj>
                  <InscricaoMunicipal>20951230</InscricaoMunicipal>
               </IdentificacaoTomador>
               <RazaoSocial>PROPARTS COMERCIO DE ARTIGOS ESPORTIVOS E TECNOLOGIA EIRELI</RazaoSocial>
               <Endereco>
                  <Endereco>R ENG     MESQUITA SAMPAIO</Endereco>
                  <Numero>00329</Numero>
                  <Bairro>CHACARA SANTO ANTONIO</Bairro>
                  <CodigoMunicipio>3550308</CodigoMunicipio>
                  <Uf>SP</Uf>
                  <Cep>4711000</Cep>
               </Endereco>
               <Contato>
                  <Email>nfe@proparts.esp.br</Email>
               </Contato>
            </Tomador>
            <OptanteSimplesNacional>0</OptanteSimplesNacional>
         </InfDeclaracaoPrestacaoServico>
      </DeclaracaoPrestacaoServico>
   </InfNfse>
</Nfse>
