<Nfse versao="2.02">
   <InfNfse>
      <Numero>179</Numero>
      <CodigoVerificacao>QGQLXE9D</CodigoVerificacao>
      <DataEmissao>2021-03-02T17:43:38</DataEmissao>
      <ValoresNfse>
         <BaseCalculo>4060</BaseCalculo>
         <Aliquota>0</Aliquota>
         <ValorIss>0</ValorIss>
         <ValorLiquidoNfse>4060</ValorLiquidoNfse>
      </ValoresNfse>
      <ValorCredito>0</ValorCredito>
      <PrestadorServico>
         <IdentificacaoPrestador>
            <CpfCnpj>
               <Cnpj>22110691000119</Cnpj>
            </CpfCnpj>
         </IdentificacaoPrestador>
         <RazaoSocial>ANDRE TAHAN PIVA - COMUNICACAO E MIDIA - EPP</RazaoSocial>
         <NomeFantasia>ANDRE TAHAN PIVA - COMUNICACAO E MIDIA - EPP</NomeFantasia>
         <Endereco>
            <Endereco>AV JACUTINGA</Endereco>
            <Numero>00610</Numero>
            <Complemento>APTO 72</Complemento>
            <Bairro>INDIANOPOLIS</Bairro>
            <CodigoMunicipio>3550308</CodigoMunicipio>
            <Uf>SP</Uf>
            <Cep>4515030</Cep>
         </Endereco>
         <Contato>
            <Email>fiscal@proparts.esp.br</Email>
         </Contato>
      </PrestadorServico>
      <OrgaoGerador>
         <CodigoMunicipio>3550308</CodigoMunicipio>
         <Uf>SP</Uf>
      </OrgaoGerador>
      <DeclaracaoPrestacaoServico>
         <InfDeclaracaoPrestacaoServico>
            <Servico>
               <Valores>
                  <ValorServicos>4060</ValorServicos>
                  <ValorIss>0</ValorIss>
                  <Aliquota>0</Aliquota>
               </Valores>
               <IssRetido>false</IssRetido>
               <Discriminacao>Referente a prestação de serviços de assessoria de comunicação - março de 2021.

Dados bancários:
Banco Itáu (341)
Agência 3099
Conta corrente 21039-9</Discriminacao>
               <CodigoMunicipio>3550308</CodigoMunicipio>
               <MunicipioIncidencia>3550308</MunicipioIncidencia>
            </Servico>
            <Prestador>
               <CpfCnpj>
                  <Cnpj>22110691000119</Cnpj>
               </CpfCnpj>
               <InscricaoMunicipal>52027392</InscricaoMunicipal>
            </Prestador>
            <Tomador>
               <IdentificacaoTomador>
                  <CpfCnpj>
                     <Cnpj>68365501000105</Cnpj>
                  </CpfCnpj>
                  <InscricaoMunicipal>20951230</InscricaoMunicipal>
               </IdentificacaoTomador>
               <RazaoSocial>PROPARTS COMERCIO DE ARTIGOS ESPORTIVOS E TECNOLOGIA EIRELI</RazaoSocial>
               <Endereco>
                  <Endereco>R ENG     MESQUITA SAMPAIO</Endereco>
                  <Numero>00329</Numero>
                  <Bairro>CHACARA SANTO ANTONIO</Bairro>
                  <CodigoMunicipio>3550308</CodigoMunicipio>
                  <Uf>SP</Uf>
                  <Cep>4711000</Cep>
               </Endereco>
               <Contato>
                  <Email>fiscal@proparts.esp.br</Email>
               </Contato>
            </Tomador>
            <OptanteSimplesNacional>4</OptanteSimplesNacional>
         </InfDeclaracaoPrestacaoServico>
      </DeclaracaoPrestacaoServico>
   </InfNfse>
</Nfse>
