<Nfse versao="2.02">
   <InfNfse>
      <Numero>9118</Numero>
      <CodigoVerificacao>276MPBB4</CodigoVerificacao>
      <DataEmissao>2021-02-12T16:17:00</DataEmissao>
      <ValoresNfse>
         <BaseCalculo>2882.88</BaseCalculo>
         <Aliquota>0.05</Aliquota>
         <ValorIss>144.14</ValorIss>
         <ValorLiquidoNfse>2882.88</ValorLiquidoNfse>
      </ValoresNfse>
      <ValorCredito>0</ValorCredito>
      <PrestadorServico>
         <IdentificacaoPrestador>
            <CpfCnpj>
               <Cnpj>59051086000205</Cnpj>
            </CpfCnpj>
         </IdentificacaoPrestador>
         <RazaoSocial>SOULAN ADMINISTRACAO E ASSESSORIA EM RECURSOS HUMANOS LTDA</RazaoSocial>
         <NomeFantasia>SOULAN ADMINISTRACAO E ASSESSORIA EM RECURSOS HUMANOS LTDA</NomeFantasia>
         <Endereco>
            <Endereco>AV PAULISTA</Endereco>
            <Numero>00967</Numero>
            <Bairro>BELA VISTA</Bairro>
            <CodigoMunicipio>3550308</CodigoMunicipio>
            <Uf>SP</Uf>
            <Cep>1311918</Cep>
         </Endereco>
         <Contato>
            <Email>nfe@proparts.esp.br</Email>
         </Contato>
      </PrestadorServico>
      <OrgaoGerador>
         <CodigoMunicipio>3550308</CodigoMunicipio>
         <Uf>SP</Uf>
      </OrgaoGerador>
      <DeclaracaoPrestacaoServico>
         <InfDeclaracaoPrestacaoServico>
            <Rps>
               <IdentificacaoRps>
                  <Numero>9328</Numero>
                  <Serie>A</Serie>
                  <Tipo>RPS</Tipo>
               </IdentificacaoRps>
               <DataEmissao>2021-02-12</DataEmissao>
            </Rps>
            <Servico>
               <Valores>
                  <ValorServicos>2882.88</ValorServicos>
                  <ValorIr>43.24</ValorIr>
                  <ValorIss>144.14</ValorIss>
                  <Aliquota>0.05</Aliquota>
               </Valores>
               <IssRetido>false</IssRetido>
               <Discriminacao>E002F004N009328S (Software Responsavel pela Geracao http://www.gi.com.br)
Consultoria de Recursos Humanos   ............R$                    2.882,88
Data de Vencimento: 22/02/2021
Base Calc.p/ IRRF R$        2.882,88                                  -43,24
Base CSL/PIS/COFINS.NF Ant. R$           0,00
Base CSL/PIS/COFINS.NF Atual R$           0,00
Base ISS ........... R$       2.882,88                               -144,14
Valor Liquido .......... R$       2.839,64
*Conforme DS nr. :  91964</Discriminacao>
               <CodigoMunicipio>3550308</CodigoMunicipio>
               <MunicipioIncidencia>3550308</MunicipioIncidencia>
            </Servico>
            <Prestador>
               <CpfCnpj>
                  <Cnpj>59051086000205</Cnpj>
               </CpfCnpj>
               <InscricaoMunicipal>34859497</InscricaoMunicipal>
            </Prestador>
            <Tomador>
               <IdentificacaoTomador>
                  <CpfCnpj>
                     <Cnpj>68365501000105</Cnpj>
                  </CpfCnpj>
                  <InscricaoMunicipal>20951230</InscricaoMunicipal>
               </IdentificacaoTomador>
               <RazaoSocial>PROPARTS COMERCIO DE ARTIGOS ESPORTIVOS E TECNOLOGIA EIRELI</RazaoSocial>
               <Endereco>
                  <Endereco>R ENG     MESQUITA SAMPAIO</Endereco>
                  <Numero>00329</Numero>
                  <Bairro>CHACARA SANTO ANTONIO</Bairro>
                  <CodigoMunicipio>3550308</CodigoMunicipio>
                  <Uf>SP</Uf>
                  <Cep>4711000</Cep>
               </Endereco>
               <Contato>
                  <Email>nfe@proparts.esp.br</Email>
               </Contato>
            </Tomador>
            <OptanteSimplesNacional>0</OptanteSimplesNacional>
         </InfDeclaracaoPrestacaoServico>
      </DeclaracaoPrestacaoServico>
   </InfNfse>
</Nfse>
